{
    "color": {
        "width": 640,
        "height": 480,
        "fx": 606.277587890625,
        "fy": 606.1272583007812,
        "ppx": 318.3746643066406,
        "ppy": 246.42091369628906,
        "model": "distortion.inverse_brown_conrady",
        "coeffs": [
            0.0,
            0.0,
            0.0,
            0.0,
            0.0
        ],
        "matrix_K": [
            [
                606.277587890625,
                0,
                318.3746643066406
            ],
            [
                0,
                606.1272583007812,
                246.42091369628906
            ],
            [
                0,
                0,
                1
            ]
        ]
    },
    "depth": {
        "width": 640,
        "height": 480,
        "fx": 391.4718322753906,
        "fy": 391.4718322753906,
        "ppx": 320.1605224609375,
        "ppy": 237.83212280273438,
        "model": "distortion.brown_conrady",
        "coeffs": [
            0.0,
            0.0,
            0.0,
            0.0,
            0.0
        ],
        "matrix_K": [
            [
                391.4718322753906,
                0,
                320.1605224609375
            ],
            [
                0,
                391.4718322753906,
                237.83212280273438
            ],
            [
                0,
                0,
                1
            ]
        ]
    }
}